1345	lataaProfiili	ei roolia
1414	lataaProfiili	— päivitä sivu.
1505	paivitaJoukkueValitsin	— Valitse joukkue —
1662	renderYhteenveto	" data-jikaryhma="
1664	renderYhteenveto	" onclick="avaaJoukkueMuokkaus(this.dataset.jid,this.dataset.jnimi,this.dataset.jikaryhma,this.dataset.jvuosi)
1708	lataaYhteenvetoKPIt	ei pelaajia
1717	lataaYhteenvetoKPIt	pelaajaa tuotu ilman kutsua
1718	lataaYhteenvetoKPIt	kutsu lähetetty ilman suostumusta
1798	(ylätaso) HENKILO_NIMETON	Keskeneräinen kutsu
1799	(ylätaso) HENKILO_EI_EMAILIA	(sähköposti puuttuu)
1955	_pelTaytaKohdeValitsin	— luo ensin joukkue Joukkueet-välilehdellä —
1967	_pelSiirraValitut	pelaajaa joukkueeseen "
1982	_pelSiirraValitut	lisätty
1983	_pelSiirraValitut	epäonnistui
2150	renderPelaajat	" onclick="suodataJoukkue('
2203	renderPelaajat	pelaajaa ilman PalloID:tä
2203	renderPelaajat	— vanhempi tai sihteeri täyttää
2251	renderPelaajat	Vanhempi voi lisätä PalloID:n suostumuslomakkeessa tai sihteeri Tiedot-näkymässä
2205	renderPelaajat	Valitse kaikki näkyvät
2364	avaaKaytettavyysModal	— Tyyppi —
2368	avaaKaytettavyysModal	— Alue —
2518	ryhmaTaulukko	pelaajaa
2686	_ktModaali	Sulje
2699	ktAvaaTavoitteet	Tallenna
2703	(ylätaso) KT_OMA_TYYPIT	Määrä (jokainen kirjaus +1)
2703	(ylätaso) KT_OMA_TYYPIT	Summa (kirjausten arvot yhteen)
2703	(ylätaso) KT_OMA_TYYPIT	Viimeisin arvo
2703	(ylätaso) KT_OMA_TYYPIT	Kyllä / ei
2704	(ylätaso) KT_TEKIJAT	Pelaajat kehittyvät
2704	(ylätaso) KT_TEKIJAT	Seura ja rakenteet
2719	ktAvaaOmaTavoite	esim. Omat kasvatit edustukseen
2721	ktAvaaOmaTavoite	esim. pelaajaa, €, %
2761	nimiP	poistettu pelaaja
2763	nayta	Kyllä
2765	ktAvaaKirjaus	kumoaa aiemman kirjauksen
2769	ktAvaaKirjaus	Kyllä
2831	ktAvaaSeuratuki	Tallenna
2852	ktTallennaKausikuva	kausikuva? Kuvaa ei voi muuttaa tallennuksen jälkeen.
3003	renderHenkilosto	" data-joukkueet="
3149	renderBrandi	Tallenna
3199	_brandiPaivitaEsikatselu	— alle saavutettavuusvaatimuksen (4.5:1 / 3.0:1)
3317	renderSopimukset	TalentMaster-taso
3528	avaaRekisteriModalJoukkueella	. Vanhempi täyttää pelaajan tiedot ja antaa GDPR-suostumuksen. Pelaaja tallentuu automaattisesti järjestelmään
3592	luoRekisteriLinkki	kutsuu teidät rekisteröimään
3592	luoRekisteriLinkki	TalentMaster-järjestelmään.
3593	luoRekisteriLinkki	Täyttäkää tiedot ja antakaa GDPR-suostumus tästä linkistä:
3611	luoRekisteriLinkki	💬 Lähetä WhatsApp (
3700	lahetaRekisteriSahkoposti	OK = Luo silti uusi pelaaja Peruuta = Avaa olemassa oleva
3824	lahetaRekisteriSahkoposti	Kutsu tallennettu:
3856	lahetaWhatsApp	Hei! Tässä on rekisteröintilinkki TalentMaster-järjestelmään. Ole hyvä ja täytä pelaajan tiedot:
3934	tallennaJoukkue	lisätty!
3971	avaaJoukkueMuokkaus	esim. SJK P16 Liiga
3979	avaaJoukkueMuokkaus	esim. P16
3983	avaaJoukkueMuokkaus	esim. 2025
4051	tallennaJoukkueMuutos	✓ Valmis —
4051	tallennaJoukkueMuutos	pelaajaa päivitetty
4059	tallennaJoukkueMuutos	— tallennettu ✓
4070	poistaJoukkue	Poistetaanko joukkue "
4070	poistaJoukkue	"? Tämä ei poista joukkueen pelaajia.
4139	lataaKutsuJoukkueet	" data-nimi="
4252	tallennaKutsu	✅ Kutsu lähetetty —
4253	tallennaKutsu	lisätty · jaa linkki manuaalisesti
4282	_kutsuJaaSahkoposti	TalentMaster™ — aseta salasanasi
4294	_kutsuJaaWhatsapp	! Tervetuloa TalentMaster-järjestelmään.
4320	lahetaSalasana	Salasanalinkki lähetetty:
4366	_resetJaaSahkoposti	TalentMaster™ — aseta uusi salasana
4374	_resetJaaWhatsapp	! Aseta TalentMaster-salasanasi:
4551	lahetaPelaajaLinkki	✅ Linkki lähetetty →
4555	lahetaPelaajaLinkki	❌ Lähetys epäonnistui:
4565	deaktivoiKayttaja	? Kirjautuminen estetään heti ja oikeudet poistetaan. Auki oleva istunto menettää pääsyn viimeistään tunnin ku
4575	aktivoiKayttaja	uudelleen? Kirjautuminen sallitaan ja oikeudet palautetaan nykyisen roolin mukaan.
4827	naytaPelaajaTiedot	').classList.remove('auki'); avaaRekisteriModalPelaajalle(_pkd.pelaajaId, _pkd.etunimi, _pkd.sukunimi, _pkd.jo
4733	naytaPelaajaTiedot	Huoltaja
4793	naytaPelaajaTiedot	" type="text" maxlength="6" pattern="[0-9]{6}" inputmode="numeric" placeholder="oma PIN (valinnainen)" style="
4817	naytaPelaajaTiedot	&nakyma=kehitys', '_blank'); ">
4822	naytaPelaajaTiedot	').classList.remove('auki'); avaaRekisteriModalPelaajalle(_pkd.pelaajaId, _pkd.etunimi, _pkd.sukunimi, _pkd.jo
4967	avaaMuokkaaPelaajaModal	— Valitse pelipaikka —
5002	avaaMuokkaaPelaajaModal	— Ei toissijaista —
4936	avaaMuokkaaPelaajaModal	— valitse —
5155	tallennaMusokkausPelaaja	pitää olla 1.0–3.0.
5180	tallennaMusokkausPelaaja	— tallennettu ✓
5297	tallennaPelaajanJoukkue	Joukkueet päivitetty →
5326	vahvistaPelaajanPoisto	kaikki tiedot pysyvästi
5359	suoritaPelaajanPoisto	: ei löytynyt (jo poistettu)
5391	onclick	poistettu pysyvästi ✓
5443	avaaMassakutsuModal	modalTausta auki
5450	avaaMassakutsuModal	henkilökohtaisen rekisteröintilinkin sähköpostilla.
5565	_lataaMassakutsuPelaajat	Koko seura (
5565	_lataaMassakutsuPelaajat	uutta)
5580	_lataaMassakutsuPelaajat	🔄 Jo kutsutut — odottaa (
5588	_lataaMassakutsuPelaajat	pelaajaa seurassa.
5589	_lataaMassakutsuPelaajat	suostumus jo annettu (ei lähetetä).
5590	_lataaMassakutsuPelaajat	kutsu jo lähetetty (valitse "Jo kutsutut" lähettääksesi uudelleen).
5591	_lataaMassakutsuPelaajat	ilman huoltajan sähköpostia.
5592	_lataaMassakutsuPelaajat	uutta pelaajaa valmiina lähetettäväksi.
5648	_renderMassakutsuEsikatselu	pelaajaa lähetysjonossa
5664	lahetaMassakutsu	kutsua sähköpostilla.
5666	lahetaMassakutsu	pelaajalle on jo lähetetty kutsu aiemmin (tila: odottaa).
5677	lahetaMassakutsu	🟡 Sama huoltajaEmail usealla pelaajalla (sisarukset vai ristiin? Tarkista):
5787	lahetaMassakutsu	sähköpostia lähetetty
5788	lahetaMassakutsu	sähköpostia epäonnistui
5789	lahetaMassakutsu	epäonnistui
5790	lahetaMassakutsu	oli jo antanut suostumuksen — status säilytetty
5797	lahetaMassakutsu	lähetetty
5960	lataaRekisteriPohja	kyllä
5999	(ylätaso) PIN_SUOSTUMUS_PUUTTUU	Huoltajan suostumus puuttuu – PIN luodaan suostumuksen jälkeen.
6003	_pinVirheTeksti	ei oikeutta tälle pelaajalle
6005	_pinVirheTeksti	tuntematon virhe
6021	_tunnusKohde	valittua pelaajaa
6028	_tunnusKohde	koko seura
6046	luoPuuttuvatPinit	valitulta puuttuu huoltajan suostumus.
6047	luoPuuttuvatPinit	valitulle pelaajalle, joilta se puuttuu?
6048	luoPuuttuvatPinit	ohitetaan: huoltajan suostumus puuttuu.
6056	luoPuuttuvatPinit	epäonnistui (ei oikeutta tai virhe)
6057	luoPuuttuvatPinit	ohitettu (ei suostumusta)
6065	luoPuuttuvatPinit	pelaajalta puuttuu huoltajan suostumus – PIN luodaan suostumuksen jälkeen.
6066	luoPuuttuvatPinit	Ei luotavia PIN-koodeja (
6066	luoPuuttuvatPinit	Kaikilla pelaajilla (
6066	luoPuuttuvatPinit	) on jo PIN.
6067	luoPuuttuvatPinit	)? Pelaajat, joilla on jo PIN, eivät muutu.
6073	luoPuuttuvatPinit	ohitettu (ei suostumusta)
6186	tulostaKortit	pelaajalla on suostumus mutta ei PIN:iä – luo ensin PIN-koodit.
6189	tulostaKortit	Ei tulostettavia kortteja (
6210	tulostaKortit	suostumuskorttia jäi tekemättä (ei oikeutta tai pelaajaa ei löytynyt).
6228	lahetaTunnuksetHuoltajille	ilman suostumusta – lähetä heille suostumuskutsu (Kutsut).
6229	lahetaTunnuksetHuoltajille	Ei lähetettävää (
6229	lahetaTunnuksetHuoltajille	ilman huoltajan sähköpostia,
6229	lahetaTunnuksetHuoltajille	ilman PIN:iä
6232	lahetaTunnuksetHuoltajille	ohitetaan: ei huoltajan sähköpostia.
6233	lahetaTunnuksetHuoltajille	ohitetaan: ei PIN:iä (luo ensin PIN-koodit).
6234	lahetaTunnuksetHuoltajille	ohitetaan: huoltajan suostumus puuttuu – lähetä heille suostumuskutsu.
6246	lahetaTunnuksetHuoltajille	epäonnistui
6247	lahetaTunnuksetHuoltajille	ilman sähköpostia
6247	lahetaTunnuksetHuoltajille	ilman PIN:iä
6260	uusiPelaajaPIN	Luodaanko uusi PIN? Vanha PIN (
6260	uusiPelaajaPIN	) lakkaa toimimasta heti.
6265	uusiPelaajaPIN	— vanha PIN ei enää toimi.
6281	_unohditSalasana	— avaa se heti.
6522	onload	sähköposti
6596	onload	pelaajaa tunnistettu
6597	onload	ilman syntymävuotta (ei tuoda)
6614	onload	— tarkista Excel ennen tuontia.
6689	ajaExcelTuonti	— PalloID jo järjestelmässä, ohitetaan
6702	ajaExcelTuonti	— jo järjestelmässä (nimi+joukkue), ohitetaan
6790	ajaExcelTuonti	Sähköposti epäonnistui (rivi
6802	ajaExcelTuonti	epäonnistui:
6817	ajaExcelTuonti	pelaajaa tuotu
6818	ajaExcelTuonti	ohitettu (jo järjestelmässä)
6819	ajaExcelTuonti	hylätty – esimerkkiosoite, korvaa huoltajan oikealla sähköpostilla
6820	ajaExcelTuonti	ei tuotu (syntymävuosi puuttuu tai virheellinen)
6822	ajaExcelTuonti	riviä epäonnistui
6828	ajaExcelTuonti	ei tuotavia rivejä
6828	ajaExcelTuonti	⚠️ Mitään ei tuotu:
6849	ajaExcelTuonti	pelaajaa tuotu ·
6849	ajaExcelTuonti	kutsua lähetetty
6850	ajaExcelTuonti	pelaajaa tuotu
