kartta	fi-avain	sv	käyttökohdat (tiedosto:rivi)
vp	D4 Peliäly · pelihavainnosta (ADAR) · 1–3	D4 Spelintelligens · från spelobservation (ADAR) · 1–3	
vp	Ei pelihavaintoja vielä — peliäly rakentuu ADAR-havainnoista.	Inga spelobservationer ännu — spelintelligensen byggs av ADAR-observationer.	
vp	 Pelihavainnot: 	 Spelobservationer: 	VP_v25:6410
vp	 pelihavainto · asteikko 1–5 → 	 spelobservation · skala 1–5 → 	VP_v25:6523
vp	 Pelihavainnosta 	 Från spelobservation 	VP_v25:6488 VP_v25:6581 VP_v25:6587
vp	◎ pelihavainto	◎ spelobservation	Master_v16:8086 VP_v25:8732
vp	Peliäly · pelihavainto (ADAR 1–3)	Spelintelligens · spelobservation (ADAR 1–3)	VP_v25:19355
vp	Ei pelihavaintoja vielä.	Inga spelobservationer ännu.	VP_v25:19356
vp	◎ Lähde: pelihavainto	◎ Källa: spelobservation	VP_v25:8760 VP_v25:11703 VP_v25:14668
vp	Kaari kertyy — kirjaa pelihavaintoja pelaajistasi (ajassa, dimensioittain). Kehittävä näky	Kurvan byggs — registrera spelobservationer om dina spelare (över tid, per dimension). Utv	VP_v25:16716
vp	5D-viitekehys, Kehon valmius -laskenta, Pelihavainto-protokolla ja ikävaihekuvaukset.	5D-ramverk, beräkning av Kroppslig beredskap, Spelobservations-protokoll och åldersfasbesk	VP_v25:3232 VP_v25:3232
vp	Alle 30% pelaajista ≥3 pelihavaintoa viim. 30 pv	Under 30% av spelarna ≥3 spelobservationer senaste 30 d	VP_v25:4851
vp	Pelihavainto	Spelobservation	ADAR_Pikakortti:5 ADAR_Pikakortti:641 ADAR_Pikakortti:765 HeadOfTalent_Dashboard:620 HeadOfTalent_Dashboard:1612 HeadOfTalent_Dashboard:1614
vp	Avaa Pelihavainto	Öppna spelobservation	VP_v25:13136
vp	· Pelihavainto	· Spelobservation	HeadOfTalent_Dashboard:620 VP_v25:13667 lib/tm_aktiivisuus.js:5
vp	Pelihavainto ' + adarY + '/3	Spelobservation ' + adarY + '/3	
vp	Pelihavainto · Peliäly	Spelobservation · Spelintelligens	VP_v25:14665
vp	<strong>📋 Palloliitto Player Development Card</strong> = virallinen <strong>arviointikehy	<strong>📋 Fotbollförbundets Player Development Card</strong> = officiellt <strong>bedömni	VP_v25:14666
vp	<strong style="color:var(--teal)">🟢 Mitattu</strong> = TM-testistä laskettu — lukittu (🔒	<strong style="color:var(--teal)">🟢 Uppmätt</strong> = beräknat från TM-test — låst (🔒),	VP_v25:14667
vp	Mitattu on faktaa testistä; havaittu ja pelihavainto ovat asiantuntija-arvioita. §7.22: nä	Uppmätt är fakta från test; observerat och spelobservation är expertbedömningar. §7.22: de	VP_v25:14667
vp	Kun arvioitu arvo on ≤ 2 (havaittu tai pelihavainto), rivin viereen ilmestyy oranssi ＋ IDP	När det bedömda värdet är ≤ 2 (observerat eller spelobservation) visas en orange ＋ IDP-mål	VP_v25:14668
vp	Klikkaus luo ehdotuksen kauden tavoitteeksi suoraan tästä havainnosta ja avaa Kehitys-väli	Ett klick skapar ett säsongsmålsförslag direkt från denna observation och öppnar Utvecklin	VP_v25:14668
vp	➕ Lisää pelihavainto	➕ Lägg till spelobservation	VP_v25:6283
vp	Pelihavainto 30%	Spelobservation 30%	VP_v25:16586
vp	Pelihavainto-leniency	Spelobservation-lenitet	VP_v25:16655 lib/tm_eerikkila_normit.js:753
vp	pelihavainto	spelobservation	Agent_v1:659 HeadOfTalent_Dashboard:1610 Master_v16:28 Master_v16:28 Master_v16:108 Pelaaja_v7:4411
vp	pelihavaintoa	spelobservationer	VP_v25:4851 VP_v25:19355
vp	), mutta pelihavaintoja/otteludataa niukasti → vahvista pelitilanteessa.	), men spelobservationer/matchdata sparsamt → bekräfta i spelsituation.	
vp	Renkaan kaari = datan kattavuus, ei arvosana. Aloita kirjaamalla harjoitusarviointeja ja p	Ringens båge = datatäckning, inte betyg. Börja med att registrera träningsutvärderingar oc	VP_v25:20985
vp	Pelihavainnot	Spelobservationer	Master_v16:6602 Master_v16:6620 VP_v25:5116 VP_v25:6410 VP_v25:10996 lib/tm_havaintohistoria.js:203
vp	D4 Peliäly · pelihavainnosta · 1–3	D4 Spelintelligens · från spelobservation · 1–3	VP_v25:6284
vp	Ei pelihavaintoja vielä — peliäly rakentuu pelihavainnoista.	Inga spelobservationer än — spelintelligens bygger på spelobservationer.	VP_v25:6288
vp	🔧 Kehys vaihdettavissa — seuran oma taksonomia + asteikko + mittarit + pelihavaintojen ky	🔧 Ramverk kan bytas — föreningens eget ramverk + skala + mått + koppling till spelobserva	VP_v25:6486
vp	Peliäly · pelihavainnot	Spelintelligens · spelobservationer	VP_v25:6495
vp	· johdettu pelihavainnoista (1–3) — klikkaa 1–5 yliajaaksesi	· härledd från spelobservationer (1–3) — klicka på 1–5 för att åsidosätta	VP_v25:6581
vp	🎯 Pelihavainnon ikäportti:	🎯 Spelobservationens åldersgrind:	VP_v25:6582
vp	Pelihavainnon asteikko 1–3	Spelobservationens skala 1–3	VP_v25:6590
vp	ei pelihavaintoja vielä — lähtötaso kerätään havainnoimalla.	inga spelobservationer ännu — utgångsnivån samlas genom observation.	VP_v25:11467
vp	: mittaus · pelihavainto · kehityssuunnitelma	: mätning · spelobservation · utvecklingsplan	VP_v25:6487
vp	👁 Pelihavainnosta	👁 Från spelobservation	VP_v25:6488 VP_v25:14667
vp	Pelihavainnosta	Från spelobservation	VP_v25:6488 VP_v25:6581 VP_v25:6587
vp	Pelihavainnosta johdettu (kenttähavainto) — klikkaa 1–5 antaaksesi oman arvion (yliajaa)	Härledd från spelobservation (planobservation) — klicka 1–5 för att ge egen bedömning (skr	VP_v25:6587
vp	Tarvitaan tämän joukkueen pelaajien RAE-, D3- tai pelihavaintodataa.	Det krävs RAE-, D3- eller spelobservationsdata från detta lags spelare.	VP_v25:16637
vp	Joukkuepulssi: Kehon valmius · TKI · H-H · pelihavainto — kukin keskiarvo + kattavuus + su	Lagpuls: Kroppslig beredskap · TKI · H-H · spelobservation — vardera medelvärde + täckning	VP_v25:21351
master	◎ pelihavainto	◎ spelobservation	Master_v16:8086 VP_v25:8732
master	Tee ensimmäinen pelihavainto	Gör första spelobservationen	Master_v16:5328
master	Havainnot: pelihavainto (peliäly/D4) jota mittari ei näe — pelaajaraportin lähde.	Observationer: spelobservation (spelintelligens/D4) som mätaren inte ser — spelarrapporten	Master_v16:5344
master	◎ Lähde: pelihavainto	◎ Källa: spelobservation	VP_v25:8760 VP_v25:11703 VP_v25:14668
master	Pelihavainto-kokonaisuus	Spelobservationshelhet	Master_v16:8769
master	Pelihavainto	Spelobservation	ADAR_Pikakortti:5 ADAR_Pikakortti:641 ADAR_Pikakortti:765 HeadOfTalent_Dashboard:620 HeadOfTalent_Dashboard:1612 HeadOfTalent_Dashboard:1614
master	👁 Pelihavainto	👁 Spelobservation	
master	Pelihavainto tallennettu ✓	Spelobservation sparad ✓	Master_v16:11496
